condition,scenario,profile,aggregation_method,seed,run_directory,accuracy,balanced_accuracy,macro_f1,pr_auc,roc_auc,attack_precision,attack_recall,attack_f1,false_positives,false_negatives,malicious_clients,malicious_weight_sum,malicious_gate_passed,trust_fallback_activated,eligible_clients
confirm_clean_uniform,clean,uniform,uniform,121,D:\TrustFed-IncBoost\outputs\ehms_unseen_confirmation\unseen_confirmation_20260827T071608Z\runs\confirm_clean_uniform_seed121_20260827T071608Z,0.9393382352941176,0.7926444107626339,0.8379040535022568,0.8092886331887166,0.9343187422002858,0.8736462093862816,0.5975308641975309,0.7096774193548387,35,163,,0.0,,,
confirm_clean_uniform,clean,uniform,uniform,132,D:\TrustFed-IncBoost\outputs\ehms_unseen_confirmation\unseen_confirmation_20260827T071608Z\runs\confirm_clean_uniform_seed132_20260827T071616Z,0.9322916666666666,0.800571493238273,0.8247228065383906,0.762477625787015,0.9016013127369434,0.759375,0.627906976744186,0.6874115983026874,77,144,,0.0,,,
confirm_clean_uniform,clean,uniform,uniform,143,D:\TrustFed-IncBoost\outputs\ehms_unseen_confirmation\unseen_confirmation_20260827T071608Z\runs\confirm_clean_uniform_seed143_20260827T071622Z,0.9405637254901961,0.8442086717707564,0.8578191645582581,0.8389235925568251,0.9517426018766814,0.7859078590785907,0.7160493827160493,0.7493540051679587,79,115,,0.0,,,
confirm_clean_uniform,clean,uniform,uniform,154,D:\TrustFed-IncBoost\outputs\ehms_unseen_confirmation\unseen_confirmation_20260827T071608Z\runs\confirm_clean_uniform_seed154_20260827T071629Z,0.9280024509803921,0.7818398640055837,0.8154510206806784,0.7546881592393203,0.9140486171474572,0.7843137254901961,0.58679706601467,0.6713286713286714,66,169,,0.0,,,
confirm_clean_uniform,clean,uniform,uniform,165,D:\TrustFed-IncBoost\outputs\ehms_unseen_confirmation\unseen_confirmation_20260827T071608Z\runs\confirm_clean_uniform_seed165_20260827T071635Z,0.9301470588235294,0.8147160429274535,0.8313901377803434,0.7743413167835344,0.9164937362347231,0.7493036211699164,0.6609336609336609,0.7023498694516971,90,138,,0.0,,,
confirm_clean_uniform,clean,uniform,uniform,176,D:\TrustFed-IncBoost\outputs\ehms_unseen_confirmation\unseen_confirmation_20260827T071608Z\runs\confirm_clean_uniform_seed176_20260827T071642Z,0.9362745098039216,0.8295665346972125,0.8444158444158445,0.8048403620367486,0.9367817805005487,0.7653631284916201,0.6884422110552764,0.7248677248677249,84,124,,0.0,,,
confirm_clean_uniform,clean,uniform,uniform,187,D:\TrustFed-IncBoost\outputs\ehms_unseen_confirmation\unseen_confirmation_20260827T071608Z\runs\confirm_clean_uniform_seed187_20260827T071650Z,0.9200367647058824,0.8289571112462257,0.8211550779102261,0.797735984623855,0.9427003291196501,0.6697674418604651,0.7076167076167076,0.6881720430107527,142,119,,0.0,,,
confirm_clean_uniform,clean,uniform,uniform,198,D:\TrustFed-IncBoost\outputs\ehms_unseen_confirmation\unseen_confirmation_20260827T071608Z\runs\confirm_clean_uniform_seed198_20260827T071657Z,0.9185049019607843,0.8042698581611482,0.8113416147772667,0.7778059591124469,0.9218200486979209,0.6879795396419437,0.6513317191283293,0.6691542288557214,122,144,,0.0,,,
confirm_clean_uniform,clean,uniform,uniform,209,D:\TrustFed-IncBoost\outputs\ehms_unseen_confirmation\unseen_confirmation_20260827T071608Z\runs\confirm_clean_uniform_seed209_20260827T071704Z,0.9273897058823529,0.7683823529411764,0.8082078819011511,0.7290738643815515,0.8979890975998243,0.8021201413427562,0.5563725490196079,0.6570188133140377,56,181,,0.0,,,
confirm_clean_uniform,clean,uniform,uniform,220,D:\TrustFed-IncBoost\outputs\ehms_unseen_confirmation\unseen_confirmation_20260827T071608Z\runs\confirm_clean_uniform_seed220_20260827T071711Z,0.9191176470588235,0.8284500268484579,0.8232229899394397,0.800637528548037,0.9303916206129452,0.680365296803653,0.7061611374407583,0.6930232558139535,140,124,,0.0,,,
confirm_clean_trust_v1,clean,trust_v1,trust_aware,121,D:\TrustFed-IncBoost\outputs\ehms_unseen_confirmation\unseen_confirmation_20260827T071608Z\runs\confirm_clean_trust_v1_seed121_20260827T071718Z,0.9433210784313726,0.8426036039537264,0.862095142567231,0.8505413547178331,0.950444556717146,0.8107344632768362,0.7086419753086419,0.7562582345191041,67,118,,0.0,,,
confirm_clean_trust_v1,clean,trust_v1,trust_aware,132,D:\TrustFed-IncBoost\outputs\ehms_unseen_confirmation\unseen_confirmation_20260827T071608Z\runs\confirm_clean_trust_v1_seed132_20260827T071726Z,0.9356617647058824,0.7980104167508684,0.829404268875438,0.771172445938108,0.9047780714730298,0.7940199335548173,0.6175710594315246,0.6947674418604651,62,148,,0.0,,,
confirm_clean_trust_v1,clean,trust_v1,trust_aware,143,D:\TrustFed-IncBoost\outputs\ehms_unseen_confirmation\unseen_confirmation_20260827T071608Z\runs\confirm_clean_trust_v1_seed143_20260827T071732Z,0.9473039215686274,0.8734885287526071,0.8774860335195531,0.8781057729648093,0.9671222347449466,0.7949367088607595,0.7753086419753087,0.785,81,91,,0.0,,,
confirm_clean_trust_v1,clean,trust_v1,trust_aware,154,D:\TrustFed-IncBoost\outputs\ehms_unseen_confirmation\unseen_confirmation_20260827T071608Z\runs\confirm_clean_trust_v1_seed154_20260827T071738Z,0.9322916666666666,0.7748654400335704,0.8193087157623677,0.766223865328346,0.9207575608356634,0.843065693430657,0.5647921760391198,0.6764275256222547,43,178,,0.0,,,
confirm_clean_trust_v1,clean,trust_v1,trust_aware,165,D:\TrustFed-IncBoost\outputs\ehms_unseen_confirmation\unseen_confirmation_20260827T071608Z\runs\confirm_clean_trust_v1_seed165_20260827T071744Z,0.9362745098039216,0.7823974736820378,0.8288298918387413,0.7866380049543896,0.9219263174460934,0.8671586715867159,0.5773955773955773,0.6932153392330384,36,172,,0.0,,,
confirm_clean_trust_v1,clean,trust_v1,trust_aware,176,D:\TrustFed-IncBoost\outputs\ehms_unseen_confirmation\unseen_confirmation_20260827T071608Z\runs\confirm_clean_trust_v1_seed176_20260827T071751Z,0.9387254901960784,0.830962208109634,0.8490091223655238,0.8135891237182601,0.9405769251000291,0.7828571428571428,0.6884422110552764,0.732620320855615,76,124,,0.0,,,
confirm_clean_trust_v1,clean,trust_v1,trust_aware,187,D:\TrustFed-IncBoost\outputs\ehms_unseen_confirmation\unseen_confirmation_20260827T071608Z\runs\confirm_clean_trust_v1_seed187_20260827T071759Z,0.9185049019607843,0.8365100073185477,0.8215315548648882,0.8030003889167503,0.9445364160099896,0.656319290465632,0.7272727272727273,0.6899766899766899,155,111,,0.0,,,
confirm_clean_trust_v1,clean,trust_v1,trust_aware,198,D:\TrustFed-IncBoost\outputs\ehms_unseen_confirmation\unseen_confirmation_20260827T071608Z\runs\confirm_clean_trust_v1_seed198_20260827T071806Z,0.9234068627450981,0.8132875512861126,0.821927374301676,0.7934578368664195,0.9281998670021903,0.710594315245478,0.6658595641646489,0.6875,112,138,,0.0,,,
confirm_clean_trust_v1,clean,trust_v1,trust_aware,209,D:\TrustFed-IncBoost\outputs\ehms_unseen_confirmation\unseen_confirmation_20260827T071608Z\runs\confirm_clean_trust_v1_seed209_20260827T071814Z,0.9237132352941176,0.7746848739495797,0.8054105769882283,0.7387755710723333,0.9036951790520129,0.7556270096463023,0.5759803921568627,0.6536856745479833,76,173,,0.0,,,
confirm_clean_trust_v1,clean,trust_v1,trust_aware,220,D:\TrustFed-IncBoost\outputs\ehms_unseen_confirmation\unseen_confirmation_20260827T071608Z\runs\confirm_clean_trust_v1_seed220_20260827T071821Z,0.9270833333333334,0.8380687787453599,0.8380687787453599,0.8157058721781768,0.9370928956645577,0.7180094786729858,0.7180094786729858,0.7180094786729858,119,119,,0.0,,,
confirm_clean_trust_v2,clean,trust_v2,trust_aware_v2,121,D:\TrustFed-IncBoost\outputs\ehms_unseen_confirmation\unseen_confirmation_20260827T071608Z\runs\confirm_clean_trust_v2_seed121_20260827T071827Z,0.9417892156862745,0.8332517197155183,0.8565586662472475,0.8483841982051362,0.9494539660331895,0.8134110787172012,0.6888888888888889,0.7459893048128342,64,126,,0.0,,False,5.0
confirm_clean_trust_v2,clean,trust_v2,trust_aware_v2,132,D:\TrustFed-IncBoost\outputs\ehms_unseen_confirmation\unseen_confirmation_20260827T071608Z\runs\confirm_clean_trust_v2_seed132_20260827T071835Z,0.9295343137254902,0.8180167217682071,0.8267635860159225,0.7728101182740281,0.9052217578783526,0.7162534435261708,0.6718346253229974,0.6933333333333334,103,127,,0.0,,False,5.0
confirm_clean_trust_v2,clean,trust_v2,trust_aware_v2,143,D:\TrustFed-IncBoost\outputs\ehms_unseen_confirmation\unseen_confirmation_20260827T071608Z\runs\confirm_clean_trust_v2_seed143_20260827T071841Z,0.9476102941176471,0.8757827782311868,0.8785897861186489,0.8779936383251671,0.9640381899913203,0.7939698492462312,0.7802469135802469,0.7870485678704857,82,89,,0.0,,False,5.0
confirm_clean_trust_v2,clean,trust_v2,trust_aware_v2,154,D:\TrustFed-IncBoost\outputs\ehms_unseen_confirmation\unseen_confirmation_20260827T071608Z\runs\confirm_clean_trust_v2_seed154_20260827T071848Z,0.9322916666666666,0.7769601651116087,0.8202377561418343,0.7640687820570159,0.9197898423817864,0.8381294964028777,0.5696821515892421,0.6783114992721979,45,176,,0.0,,False,4.0
confirm_clean_trust_v2,clean,trust_v2,trust_aware_v2,165,D:\TrustFed-IncBoost\outputs\ehms_unseen_confirmation\unseen_confirmation_20260827T071608Z\runs\confirm_clean_trust_v2_seed165_20260827T071854Z,0.9375,0.7978464033766799,0.8371931307049743,0.7912448978377046,0.9228379109373158,0.8440677966101695,0.6117936117936118,0.7094017094017094,46,158,,0.0,,False,5.0
confirm_clean_trust_v2,clean,trust_v2,trust_aware_v2,176,D:\TrustFed-IncBoost\outputs\ehms_unseen_confirmation\unseen_confirmation_20260827T071608Z\runs\confirm_clean_trust_v2_seed176_20260827T071901Z,0.9378063725490197,0.8336842972714233,0.8483301580558007,0.8177333305662441,0.9423188868277185,0.7715877437325905,0.6959798994974874,0.7318361955085865,82,121,,0.0,,False,5.0
confirm_clean_trust_v2,clean,trust_v2,trust_aware_v2,187,D:\TrustFed-IncBoost\outputs\ehms_unseen_confirmation\unseen_confirmation_20260827T071608Z\runs\confirm_clean_trust_v2_seed187_20260827T071909Z,0.9350490196078431,0.849120957276365,0.8505978521368518,0.8333898628752751,0.9541520073546674,0.7419354838709677,0.7346437346437347,0.7382716049382716,104,108,,0.0,,False,5.0
confirm_clean_trust_v2,clean,trust_v2,trust_aware_v2,198,D:\TrustFed-IncBoost\outputs\ehms_unseen_confirmation\unseen_confirmation_20260827T071608Z\runs\confirm_clean_trust_v2_seed198_20260827T071916Z,0.9283088235294118,0.7902116669483457,0.8204061516235437,0.7956361542080033,0.9290916147683621,0.778816199376947,0.6053268765133172,0.6811989100817438,71,163,,0.0,,False,5.0
confirm_clean_trust_v2,clean,trust_v2,trust_aware_v2,209,D:\TrustFed-IncBoost\outputs\ehms_unseen_confirmation\unseen_confirmation_20260827T071608Z\runs\confirm_clean_trust_v2_seed209_20260827T071923Z,0.9209558823529411,0.7899159663865547,0.807898386743558,0.7435454496985864,0.9063855934530675,0.7130681818181818,0.6151960784313726,0.6605263157894737,101,157,,0.0,,False,5.0
confirm_clean_trust_v2,clean,trust_v2,trust_aware_v2,220,D:\TrustFed-IncBoost\outputs\ehms_unseen_confirmation\unseen_confirmation_20260827T071608Z\runs\confirm_clean_trust_v2_seed220_20260827T071930Z,0.9267769607843137,0.8348661412595763,0.8365630848566887,0.8124739289353028,0.935463644519746,0.7194244604316546,0.7109004739336493,0.7151370679380215,117,122,,0.0,,False,4.0
confirm_largest_flip_uniform,largest_flip,uniform,uniform,121,D:\TrustFed-IncBoost\outputs\ehms_unseen_confirmation\unseen_confirmation_20260827T071608Z\runs\confirm_largest_flip_uniform_seed121_20260827T071937Z,0.9246323529411765,0.7662352804010726,0.8021853270895416,0.7059888024198495,0.8727527107380202,0.7731958762886598,0.5555555555555556,0.646551724137931,66,180,2,0.2,,,
confirm_largest_flip_uniform,largest_flip,uniform,uniform,132,D:\TrustFed-IncBoost\outputs\ehms_unseen_confirmation\unseen_confirmation_20260827T071608Z\runs\confirm_largest_flip_uniform_seed132_20260827T071943Z,0.9362745098039216,0.8005943960790336,0.8314610423462472,0.7698585041908453,0.9046146080605425,0.7953795379537953,0.6227390180878553,0.6985507246376812,62,146,1,0.2,,,
confirm_largest_flip_uniform,largest_flip,uniform,uniform,143,D:\TrustFed-IncBoost\outputs\ehms_unseen_confirmation\unseen_confirmation_20260827T071608Z\runs\confirm_largest_flip_uniform_seed143_20260827T071949Z,0.9307598039215687,0.7379425595585092,0.7974447744407149,0.6485609814661014,0.8720514381701276,0.9241706161137441,0.48148148148148145,0.6331168831168831,16,210,4,0.2,,,
confirm_largest_flip_uniform,largest_flip,uniform,uniform,154,D:\TrustFed-IncBoost\outputs\ehms_unseen_confirmation\unseen_confirmation_20260827T071608Z\runs\confirm_largest_flip_uniform_seed154_20260827T071954Z,0.9194240196078431,0.7936939868715718,0.8074649411527226,0.7399490906253672,0.910635910918519,0.6994535519125683,0.6259168704156479,0.6606451612903226,110,153,0,0.2,,,
confirm_largest_flip_uniform,largest_flip,uniform,uniform,165,D:\TrustFed-IncBoost\outputs\ehms_unseen_confirmation\unseen_confirmation_20260827T071608Z\runs\confirm_largest_flip_uniform_seed165_20260827T072000Z,0.9286151960784313,0.7569524053598258,0.804419961964719,0.726989664780691,0.8932764820059185,0.83984375,0.5282555282555282,0.6485671191553545,41,192,0,0.2,,,
confirm_largest_flip_uniform,largest_flip,uniform,uniform,176,D:\TrustFed-IncBoost\outputs\ehms_unseen_confirmation\unseen_confirmation_20260827T071608Z\runs\confirm_largest_flip_uniform_seed176_20260827T072006Z,0.9310661764705882,0.7746732616326574,0.8145982191431882,0.7592302710033298,0.917836741277918,0.8100358422939068,0.5678391959798995,0.6676514032496307,53,172,3,0.2,,,
confirm_largest_flip_uniform,largest_flip,uniform,uniform,187,D:\TrustFed-IncBoost\outputs\ehms_unseen_confirmation\unseen_confirmation_20260827T071608Z\runs\confirm_largest_flip_uniform_seed187_20260827T072013Z,0.9145220588235294,0.7562764501861456,0.7830229341567757,0.6974881996775688,0.8779294615836444,0.7025316455696202,0.5454545454545454,0.6141078838174274,94,185,1,0.2,,,
confirm_largest_flip_uniform,largest_flip,uniform,uniform,198,D:\TrustFed-IncBoost\outputs\ehms_unseen_confirmation\unseen_confirmation_20260827T071608Z\runs\confirm_largest_flip_uniform_seed198_20260827T072019Z,0.9215686274509803,0.8018825219985681,0.8148582428656133,0.7819722900776032,0.9228391890021171,0.710455764075067,0.6416464891041163,0.6743002544529262,108,148,1,0.2,,,
confirm_largest_flip_uniform,largest_flip,uniform,uniform,209,D:\TrustFed-IncBoost\outputs\ehms_unseen_confirmation\unseen_confirmation_20260827T071608Z\runs\confirm_largest_flip_uniform_seed209_20260827T072026Z,0.9234068627450981,0.7535014005602241,0.7948016415868673,0.7151177385934596,0.8916977330147745,0.7904411764705882,0.5269607843137255,0.6323529411764706,57,193,3,0.2,,,
confirm_largest_flip_uniform,largest_flip,uniform,uniform,220,D:\TrustFed-IncBoost\outputs\ehms_unseen_confirmation\unseen_confirmation_20260827T071608Z\runs\confirm_largest_flip_uniform_seed220_20260827T072033Z,0.9145220588235294,0.7602324309360939,0.7886292500467118,0.6977006797092793,0.8735937911690251,0.7213622291021672,0.5521327014218009,0.625503355704698,90,189,2,0.2,,,
confirm_largest_flip_trust_v1,largest_flip,trust_v1,trust_aware,121,D:\TrustFed-IncBoost\outputs\ehms_unseen_confirmation\unseen_confirmation_20260827T071608Z\runs\confirm_largest_flip_trust_v1_seed121_20260827T072038Z,0.9255514705882353,0.765700257795396,0.8033523852404207,0.7092932624656562,0.8742252104033612,0.7832167832167832,0.5530864197530864,0.6483357452966715,62,181,2,0.0014781578380376873,,,
confirm_largest_flip_trust_v1,largest_flip,trust_v1,trust_aware,132,D:\TrustFed-IncBoost\outputs\ehms_unseen_confirmation\unseen_confirmation_20260827T071608Z\runs\confirm_largest_flip_trust_v1_seed132_20260827T072045Z,0.9335171568627451,0.7464749833617599,0.8023427373050567,0.6909954167925291,0.8720126387754974,0.8899082568807339,0.5012919896640827,0.6413223140495867,24,193,1,0.10890647374433603,,,
confirm_largest_flip_trust_v1,largest_flip,trust_v1,trust_aware,143,D:\TrustFed-IncBoost\outputs\ehms_unseen_confirmation\unseen_confirmation_20260827T071608Z\runs\confirm_largest_flip_trust_v1_seed143_20260827T072050Z,0.9316789215686274,0.732109129066107,0.7956636582581138,0.6464907335944843,0.8683991208183817,0.9642857142857143,0.4666666666666667,0.6289517470881864,7,216,4,0.0017820747463764617,,,
confirm_largest_flip_trust_v1,largest_flip,trust_v1,trust_aware,154,D:\TrustFed-IncBoost\outputs\ehms_unseen_confirmation\unseen_confirmation_20260827T071608Z\runs\confirm_largest_flip_trust_v1_seed154_20260827T072056Z,0.9234068627450981,0.7865444315510471,0.8103779056797394,0.7620248164140482,0.9156089561058325,0.7373134328358208,0.6039119804400978,0.6639784946236559,88,162,0,0.005252811556381585,,,
confirm_largest_flip_trust_v1,largest_flip,trust_v1,trust_aware,165,D:\TrustFed-IncBoost\outputs\ehms_unseen_confirmation\unseen_confirmation_20260827T071608Z\runs\confirm_largest_flip_trust_v1_seed165_20260827T072102Z,0.9264705882352942,0.7599413140190179,0.8024960290447016,0.7271064523208708,0.893808818205038,0.8081180811808119,0.538083538083538,0.6460176991150443,52,188,0,0.0019082626590900327,,,
confirm_largest_flip_trust_v1,largest_flip,trust_v1,trust_aware,176,D:\TrustFed-IncBoost\outputs\ehms_unseen_confirmation\unseen_confirmation_20260827T071608Z\runs\confirm_largest_flip_trust_v1_seed176_20260827T072107Z,0.9329044117647058,0.772474550000526,0.8166619003589479,0.7645888175565657,0.9206815655387897,0.8352059925093633,0.5603015075376885,0.6706766917293233,44,175,3,0.0012415814052027395,,,
confirm_largest_flip_trust_v1,largest_flip,trust_v1,trust_aware,187,D:\TrustFed-IncBoost\outputs\ehms_unseen_confirmation\unseen_confirmation_20260827T071608Z\runs\confirm_largest_flip_trust_v1_seed187_20260827T072114Z,0.9160539215686274,0.7560980014602696,0.7850872977119194,0.6986468867293116,0.8801430857783674,0.7152103559870551,0.542997542997543,0.61731843575419,88,186,1,0.0002573735178405148,,,
confirm_largest_flip_trust_v1,largest_flip,trust_v1,trust_aware,198,D:\TrustFed-IncBoost\outputs\ehms_unseen_confirmation\unseen_confirmation_20260827T071608Z\runs\confirm_largest_flip_trust_v1_seed198_20260827T072120Z,0.9249387254901961,0.8027763929737071,0.8202406816503564,0.7924797621786791,0.9273837054752464,0.7333333333333333,0.639225181598063,0.6830530401034929,96,149,1,0.0015300607906917633,,,
confirm_largest_flip_trust_v1,largest_flip,trust_v1,trust_aware,209,D:\TrustFed-IncBoost\outputs\ehms_unseen_confirmation\unseen_confirmation_20260827T071608Z\runs\confirm_largest_flip_trust_v1_seed209_20260827T072127Z,0.9231004901960784,0.7701330532212884,0.8024010544862094,0.7290035770341906,0.8979624938210579,0.7573770491803279,0.5661764705882353,0.6479663394109397,74,177,3,0.002154583874672641,,,
confirm_largest_flip_trust_v1,largest_flip,trust_v1,trust_aware,220,D:\TrustFed-IncBoost\outputs\ehms_unseen_confirmation\unseen_confirmation_20260827T071608Z\runs\confirm_largest_flip_trust_v1_seed220_20260827T072134Z,0.9145220588235294,0.7582146275735331,0.7876351364114318,0.6967787461714692,0.8737939038991965,0.7241379310344828,0.54739336492891,0.6234817813765182,88,191,2,0.00688993246587213,,,
confirm_largest_flip_trust_v2,largest_flip,trust_v2,trust_aware_v2,121,D:\TrustFed-IncBoost\outputs\ehms_unseen_confirmation\unseen_confirmation_20260827T071608Z\runs\confirm_largest_flip_trust_v2_seed121_20260827T072139Z,0.9234068627450981,0.7750728693016206,0.8043906625307438,0.712974836562916,0.8759006645680308,0.7476038338658147,0.5777777777777777,0.6518105849582173,79,171,2,0.0,False,False,4.0
confirm_largest_flip_trust_v2,largest_flip,trust_v2,trust_aware_v2,132,D:\TrustFed-IncBoost\outputs\ehms_unseen_confirmation\unseen_confirmation_20260827T071608Z\runs\confirm_largest_flip_trust_v2_seed132_20260827T072146Z,0.9295343137254902,0.8113075366512814,0.8243116109917576,0.7734742404533023,0.9059887785061779,0.7236467236467237,0.6563307493540051,0.6883468834688347,97,133,1,0.0,False,False,4.0
confirm_largest_flip_trust_v2,largest_flip,trust_v2,trust_aware_v2,143,D:\TrustFed-IncBoost\outputs\ehms_unseen_confirmation\unseen_confirmation_20260827T071608Z\runs\confirm_largest_flip_trust_v2_seed143_20260827T072152Z,0.9316789215686274,0.732109129066107,0.7956636582581138,0.6638771015827906,0.8729591197820182,0.9642857142857143,0.4666666666666667,0.6289517470881864,7,216,4,0.0,False,False,4.0
confirm_largest_flip_trust_v2,largest_flip,trust_v2,trust_aware_v2,154,D:\TrustFed-IncBoost\outputs\ehms_unseen_confirmation\unseen_confirmation_20260827T071608Z\runs\confirm_largest_flip_trust_v2_seed154_20260827T072157Z,0.9234068627450981,0.791781244246143,0.8125687362814555,0.7589063381541925,0.914353491279829,0.7304347826086957,0.6161369193154034,0.6684350132625995,93,157,0,0.0,False,False,3.0
confirm_largest_flip_trust_v2,largest_flip,trust_v2,trust_aware_v2,165,D:\TrustFed-IncBoost\outputs\ehms_unseen_confirmation\unseen_confirmation_20260827T071608Z\runs\confirm_largest_flip_trust_v2_seed165_20260827T072203Z,0.9276960784313726,0.7532669016743221,0.8011030550907852,0.7287166137143893,0.894777171290997,0.8379446640316206,0.5208845208845209,0.6424242424242425,41,195,0,0.0,False,False,4.0
confirm_largest_flip_trust_v2,largest_flip,trust_v2,trust_aware_v2,176,D:\TrustFed-IncBoost\outputs\ehms_unseen_confirmation\unseen_confirmation_20260827T071608Z\runs\confirm_largest_flip_trust_v2_seed176_20260827T072209Z,0.9307598039215687,0.7734169802256221,0.8135305989557001,0.7629261219214953,0.9193709300164465,0.8093525179856115,0.5653266331658291,0.665680473372781,53,173,3,0.0,False,False,4.0
confirm_largest_flip_trust_v2,largest_flip,trust_v2,trust_aware_v2,187,D:\TrustFed-IncBoost\outputs\ehms_unseen_confirmation\unseen_confirmation_20260827T071608Z\runs\confirm_largest_flip_trust_v2_seed187_20260827T072216Z,0.9142156862745098,0.7466200091331348,0.7776529973734482,0.6978492152235495,0.8800880461713504,0.7123745819397993,0.5233415233415234,0.603399433427762,86,194,1,0.0,False,False,4.0
confirm_largest_flip_trust_v2,largest_flip,trust_v2,trust_aware_v2,198,D:\TrustFed-IncBoost\outputs\ehms_unseen_confirmation\unseen_confirmation_20260827T071608Z\runs\confirm_largest_flip_trust_v2_seed198_20260827T072222Z,0.9178921568627451,0.8287657446560953,0.8194748385957062,0.7960086622336231,0.9288249397220975,0.6643990929705216,0.7094430992736077,0.6861826697892272,148,120,1,0.0,False,False,4.0
confirm_largest_flip_trust_v2,largest_flip,trust_v2,trust_aware_v2,209,D:\TrustFed-IncBoost\outputs\ehms_unseen_confirmation\unseen_confirmation_20260827T071608Z\runs\confirm_largest_flip_trust_v2_seed209_20260827T072229Z,0.9215686274509803,0.7703081232492996,0.8001836547291092,0.7291940266309882,0.8980096940737079,0.7435897435897436,0.5686274509803921,0.6444444444444445,80,176,3,0.0,False,False,4.0
confirm_largest_flip_trust_v2,largest_flip,trust_v2,trust_aware_v2,220,D:\TrustFed-IncBoost\outputs\ehms_unseen_confirmation\unseen_confirmation_20260827T071608Z\runs\confirm_largest_flip_trust_v2_seed220_20260827T072236Z,0.9136029411764706,0.7597046336102671,0.7871028625353885,0.6965389587798568,0.8736037968055338,0.7147239263803681,0.5521327014218009,0.6229946524064172,93,189,2,0.0,False,False,3.0
confirm_attack_rich_flip_uniform,attack_rich_flip,uniform,uniform,121,D:\TrustFed-IncBoost\outputs\ehms_unseen_confirmation\unseen_confirmation_20260827T071608Z\runs\confirm_attack_rich_flip_uniform_seed121_20260827T072241Z,0.9246323529411765,0.7662352804010726,0.8021853270895416,0.7059888024198495,0.8727527107380202,0.7731958762886598,0.5555555555555556,0.646551724137931,66,180,2,0.2,,,
confirm_attack_rich_flip_uniform,attack_rich_flip,uniform,uniform,132,D:\TrustFed-IncBoost\outputs\ehms_unseen_confirmation\unseen_confirmation_20260827T071608Z\runs\confirm_attack_rich_flip_uniform_seed132_20260827T072247Z,0.9283088235294118,0.7983121953585373,0.8173553719008264,0.7619925211186022,0.899463714265955,0.7297297297297297,0.627906976744186,0.675,90,144,3,0.2,,,
confirm_attack_rich_flip_uniform,attack_rich_flip,uniform,uniform,143,D:\TrustFed-IncBoost\outputs\ehms_unseen_confirmation\unseen_confirmation_20260827T071608Z\runs\confirm_attack_rich_flip_uniform_seed143_20260827T072253Z,0.9307598039215687,0.7379425595585092,0.7974447744407149,0.6485609814661014,0.8720514381701276,0.9241706161137441,0.48148148148148145,0.6331168831168831,16,210,4,0.2,,,
confirm_attack_rich_flip_uniform,attack_rich_flip,uniform,uniform,154,D:\TrustFed-IncBoost\outputs\ehms_unseen_confirmation\unseen_confirmation_20260827T071608Z\runs\confirm_attack_rich_flip_uniform_seed154_20260827T072258Z,0.9310661764705882,0.7773070022565824,0.8183821320068106,0.7597773557785765,0.9166066481401394,0.823943661971831,0.5721271393643031,0.6753246753246753,50,175,3,0.2,,,
confirm_attack_rich_flip_uniform,attack_rich_flip,uniform,uniform,165,D:\TrustFed-IncBoost\outputs\ehms_unseen_confirmation\unseen_confirmation_20260827T071608Z\runs\confirm_attack_rich_flip_uniform_seed165_20260827T072305Z,0.9313725490196079,0.8038276606705028,0.8292982685518968,0.7779319589901772,0.9170630521698075,0.7747747747747747,0.6339066339066339,0.6972972972972973,75,149,2,0.2,,,
confirm_attack_rich_flip_uniform,attack_rich_flip,uniform,uniform,176,D:\TrustFed-IncBoost\outputs\ehms_unseen_confirmation\unseen_confirmation_20260827T071608Z\runs\confirm_attack_rich_flip_uniform_seed176_20260827T072311Z,0.9359681372549019,0.8077556309110101,0.8362706999925837,0.7923246851451973,0.9269428089505447,0.7962382445141066,0.6381909547738693,0.708507670850767,65,144,0,0.2,,,
confirm_attack_rich_flip_uniform,attack_rich_flip,uniform,uniform,187,D:\TrustFed-IncBoost\outputs\ehms_unseen_confirmation\unseen_confirmation_20260827T071608Z\runs\confirm_attack_rich_flip_uniform_seed187_20260827T072318Z,0.9145220588235294,0.7562764501861456,0.7830229341567757,0.6974881996775688,0.8779294615836444,0.7025316455696202,0.5454545454545454,0.6141078838174274,94,185,1,0.2,,,
confirm_attack_rich_flip_uniform,attack_rich_flip,uniform,uniform,198,D:\TrustFed-IncBoost\outputs\ehms_unseen_confirmation\unseen_confirmation_20260827T071608Z\runs\confirm_attack_rich_flip_uniform_seed198_20260827T072324Z,0.9047181372549019,0.769460696429527,0.7777602144843021,0.7267342389346022,0.8969266974843373,0.6328125,0.5883777239709443,0.6097867001254705,141,170,3,0.2,,,
confirm_attack_rich_flip_uniform,attack_rich_flip,uniform,uniform,209,D:\TrustFed-IncBoost\outputs\ehms_unseen_confirmation\unseen_confirmation_20260827T071608Z\runs\confirm_attack_rich_flip_uniform_seed209_20260827T072330Z,0.9270833333333334,0.7629551820728291,0.8051573976441269,0.7249900885328292,0.8918384755863129,0.8102189781021898,0.5441176470588235,0.6510263929618768,52,186,0,0.2,,,
confirm_attack_rich_flip_uniform,attack_rich_flip,uniform,uniform,220,D:\TrustFed-IncBoost\outputs\ehms_unseen_confirmation\unseen_confirmation_20260827T071608Z\runs\confirm_attack_rich_flip_uniform_seed220_20260827T072337Z,0.9145220588235294,0.7602324309360939,0.7886292500467118,0.6977006797092793,0.8735937911690251,0.7213622291021672,0.5521327014218009,0.625503355704698,90,189,2,0.2,,,
confirm_attack_rich_flip_trust_v1,attack_rich_flip,trust_v1,trust_aware,121,D:\TrustFed-IncBoost\outputs\ehms_unseen_confirmation\unseen_confirmation_20260827T071608Z\runs\confirm_attack_rich_flip_trust_v1_seed121_20260827T072343Z,0.9255514705882353,0.765700257795396,0.8033523852404207,0.7092932624656562,0.8742252104033612,0.7832167832167832,0.5530864197530864,0.6483357452966715,62,181,2,0.0014781578380376873,,,
confirm_attack_rich_flip_trust_v1,attack_rich_flip,trust_v1,trust_aware,132,D:\TrustFed-IncBoost\outputs\ehms_unseen_confirmation\unseen_confirmation_20260827T071608Z\runs\confirm_attack_rich_flip_trust_v1_seed132_20260827T072349Z,0.9362745098039216,0.7961216060010832,0.8297173895377243,0.7715874052402206,0.9047538214063422,0.8033898305084746,0.6124031007751938,0.6950146627565983,58,150,3,0.007672406984421291,,,
confirm_attack_rich_flip_trust_v1,attack_rich_flip,trust_v1,trust_aware,143,D:\TrustFed-IncBoost\outputs\ehms_unseen_confirmation\unseen_confirmation_20260827T071608Z\runs\confirm_attack_rich_flip_trust_v1_seed143_20260827T072355Z,0.9316789215686274,0.732109129066107,0.7956636582581138,0.6464907335944843,0.8683991208183817,0.9642857142857143,0.4666666666666667,0.6289517470881864,7,216,4,0.0017820747463764617,,,
confirm_attack_rich_flip_trust_v1,attack_rich_flip,trust_v1,trust_aware,154,D:\TrustFed-IncBoost\outputs\ehms_unseen_confirmation\unseen_confirmation_20260827T071608Z\runs\confirm_attack_rich_flip_trust_v1_seed154_20260827T072400Z,0.9322916666666666,0.7685812647994554,0.8164541034750984,0.7641888487746011,0.9199414230599601,0.8587786259541985,0.5501222493887531,0.6706408345752608,37,184,3,0.0040962311345645016,,,
confirm_attack_rich_flip_trust_v1,attack_rich_flip,trust_v1,trust_aware,165,D:\TrustFed-IncBoost\outputs\ehms_unseen_confirmation\unseen_confirmation_20260827T071608Z\runs\confirm_attack_rich_flip_trust_v1_seed165_20260827T072407Z,0.9322916666666666,0.8064596718779428,0.831782670777514,0.7875947453530838,0.9214653607373243,0.7784431137724551,0.6388206388206388,0.7017543859649122,74,147,2,0.0009151601577961235,,,
confirm_attack_rich_flip_trust_v1,attack_rich_flip,trust_v1,trust_aware,176,D:\TrustFed-IncBoost\outputs\ehms_unseen_confirmation\unseen_confirmation_20260827T071608Z\runs\confirm_attack_rich_flip_trust_v1_seed176_20260827T072413Z,0.9390318627450981,0.7954365336802646,0.836874062454559,0.8014667167368866,0.9307151598887669,0.8515901060070671,0.6055276381909548,0.7077826725403817,42,157,0,0.00043364454340023487,,,
confirm_attack_rich_flip_trust_v1,attack_rich_flip,trust_v1,trust_aware,187,D:\TrustFed-IncBoost\outputs\ehms_unseen_confirmation\unseen_confirmation_20260827T071608Z\runs\confirm_attack_rich_flip_trust_v1_seed187_20260827T072420Z,0.9160539215686274,0.7560980014602696,0.7850872977119194,0.6986468867293116,0.8801430857783674,0.7152103559870551,0.542997542997543,0.61731843575419,88,186,1,0.0002573735178405148,,,
confirm_attack_rich_flip_trust_v1,attack_rich_flip,trust_v1,trust_aware,198,D:\TrustFed-IncBoost\outputs\ehms_unseen_confirmation\unseen_confirmation_20260827T071608Z\runs\confirm_attack_rich_flip_trust_v1_seed198_20260827T072426Z,0.9068627450980392,0.7727588892389825,0.7820556862200723,0.7310084627896417,0.900771404281918,0.6430446194225722,0.5932203389830508,0.6171284634760705,136,168,3,0.0012868795539545353,,,
confirm_attack_rich_flip_trust_v1,attack_rich_flip,trust_v1,trust_aware,209,D:\TrustFed-IncBoost\outputs\ehms_unseen_confirmation\unseen_confirmation_20260827T071608Z\runs\confirm_attack_rich_flip_trust_v1_seed209_20260827T072432Z,0.9267769607843137,0.7596288515406162,0.8030621083343199,0.7390525537963847,0.9041311377492174,0.8141263940520446,0.5367647058823529,0.6469719350073855,50,189,0,0.00590722874148217,,,
confirm_attack_rich_flip_trust_v1,attack_rich_flip,trust_v1,trust_aware,220,D:\TrustFed-IncBoost\outputs\ehms_unseen_confirmation\unseen_confirmation_20260827T071608Z\runs\confirm_attack_rich_flip_trust_v1_seed220_20260827T072439Z,0.9145220588235294,0.7582146275735331,0.7876351364114318,0.6967787461714692,0.8737939038991965,0.7241379310344828,0.54739336492891,0.6234817813765182,88,191,2,0.00688993246587213,,,
confirm_attack_rich_flip_trust_v2,attack_rich_flip,trust_v2,trust_aware_v2,121,D:\TrustFed-IncBoost\outputs\ehms_unseen_confirmation\unseen_confirmation_20260827T071608Z\runs\confirm_attack_rich_flip_trust_v2_seed121_20260827T072444Z,0.9234068627450981,0.7750728693016206,0.8043906625307438,0.712974836562916,0.8759006645680308,0.7476038338658147,0.5777777777777777,0.6518105849582173,79,171,2,0.0,False,False,4.0
confirm_attack_rich_flip_trust_v2,attack_rich_flip,trust_v2,trust_aware_v2,132,D:\TrustFed-IncBoost\outputs\ehms_unseen_confirmation\unseen_confirmation_20260827T071608Z\runs\confirm_attack_rich_flip_trust_v2_seed132_20260827T072451Z,0.9332107843137255,0.8022110671915459,0.8268869765264704,0.7700463832929698,0.903667957309105,0.7648902821316614,0.6304909560723514,0.6912181303116147,75,143,3,0.0,False,False,4.0
confirm_attack_rich_flip_trust_v2,attack_rich_flip,trust_v2,trust_aware_v2,143,D:\TrustFed-IncBoost\outputs\ehms_unseen_confirmation\unseen_confirmation_20260827T071608Z\runs\confirm_attack_rich_flip_trust_v2_seed143_20260827T072459Z,0.9316789215686274,0.732109129066107,0.7956636582581138,0.6638771015827906,0.8729591197820182,0.9642857142857143,0.4666666666666667,0.6289517470881864,7,216,4,0.0,False,False,4.0
confirm_attack_rich_flip_trust_v2,attack_rich_flip,trust_v2,trust_aware_v2,154,D:\TrustFed-IncBoost\outputs\ehms_unseen_confirmation\unseen_confirmation_20260827T071608Z\runs\confirm_attack_rich_flip_trust_v2_seed154_20260827T072506Z,0.9117647058823529,0.7976946034709407,0.7983193277310925,0.763905824843123,0.9195697506626302,0.6486486486486487,0.6454767726161369,0.6470588235294118,143,145,3,0.0,False,False,3.0
confirm_attack_rich_flip_trust_v2,attack_rich_flip,trust_v2,trust_aware_v2,165,D:\TrustFed-IncBoost\outputs\ehms_unseen_confirmation\unseen_confirmation_20260827T071608Z\runs\confirm_attack_rich_flip_trust_v2_seed165_20260827T072513Z,0.9384191176470589,0.7931039672376738,0.8369245782637195,0.7895231379027262,0.9217551786680243,0.8652482269503546,0.5995085995085995,0.7082728592162555,38,163,2,0.0,False,False,4.0
confirm_attack_rich_flip_trust_v2,attack_rich_flip,trust_v2,trust_aware_v2,176,D:\TrustFed-IncBoost\outputs\ehms_unseen_confirmation\unseen_confirmation_20260827T071608Z\runs\confirm_attack_rich_flip_trust_v2_seed176_20260827T072520Z,0.9375,0.8021369934108786,0.8367839984312186,0.7964948931075423,0.9290652494853893,0.8211920529801324,0.6231155778894473,0.7085714285714285,54,150,0,0.0,False,False,4.0
confirm_attack_rich_flip_trust_v2,attack_rich_flip,trust_v2,trust_aware_v2,187,D:\TrustFed-IncBoost\outputs\ehms_unseen_confirmation\unseen_confirmation_20260827T071608Z\runs\confirm_attack_rich_flip_trust_v2_seed187_20260827T072527Z,0.9142156862745098,0.7466200091331348,0.7776529973734482,0.6978492152235495,0.8800880461713504,0.7123745819397993,0.5233415233415234,0.603399433427762,86,194,1,0.0,False,False,4.0
confirm_attack_rich_flip_trust_v2,attack_rich_flip,trust_v2,trust_aware_v2,198,D:\TrustFed-IncBoost\outputs\ehms_unseen_confirmation\unseen_confirmation_20260827T071608Z\runs\confirm_attack_rich_flip_trust_v2_seed198_20260827T072533Z,0.8964460784313726,0.7864663263304239,0.7750017743181519,0.7310766210687106,0.9013531635388967,0.5827814569536424,0.639225181598063,0.6096997690531177,189,149,3,0.0,False,False,4.0
confirm_attack_rich_flip_trust_v2,attack_rich_flip,trust_v2,trust_aware_v2,209,D:\TrustFed-IncBoost\outputs\ehms_unseen_confirmation\unseen_confirmation_20260827T071608Z\runs\confirm_attack_rich_flip_trust_v2_seed209_20260827T072539Z,0.9206495098039216,0.7907913165266107,0.8078120897220653,0.743678745706909,0.9065271942110178,0.7098591549295775,0.6176470588235294,0.6605504587155964,103,156,0,0.0,False,False,4.0
confirm_attack_rich_flip_trust_v2,attack_rich_flip,trust_v2,trust_aware_v2,220,D:\TrustFed-IncBoost\outputs\ehms_unseen_confirmation\unseen_confirmation_20260827T071608Z\runs\confirm_attack_rich_flip_trust_v2_seed220_20260827T072546Z,0.9136029411764706,0.7597046336102671,0.7871028625353885,0.6965389587798568,0.8736037968055338,0.7147239263803681,0.5521327014218009,0.6229946524064172,93,189,2,0.0,False,False,3.0
