condition,scenario,profile,runs,accuracy_mean,accuracy_std,balanced_accuracy_mean,balanced_accuracy_std,macro_f1_mean,macro_f1_std,pr_auc_mean,pr_auc_std,roc_auc_mean,roc_auc_std,attack_precision_mean,attack_precision_std,attack_recall_mean,attack_recall_std,attack_f1_mean,attack_f1_std,false_positives_mean,false_positives_std,false_negatives_mean,false_negatives_std,malicious_weight_sum_mean,fallback_activation_rate,malicious_gate_pass_rate
confirm_clean_uniform,clean,uniform,10,0.9291666666666668,0.00814538796118597,0.8093606366598921,0.024080837972075796,0.8275630592003855,0.015540113183137073,0.7849813026258051,0.03165302344269795,0.9247887886726982,0.01751897383676849,0.7558141963265423,0.06288512066015581,0.6499142274866776,0.05621106067621556,0.6952357629468043,0.02767740520212348,89.1,35.438365901629524,142.1,22.659067353563636,0.0,,
confirm_clean_trust_v1,clean,trust_v1,10,0.9326286764705882,0.009334675458262123,0.8164878882582045,0.033334942163877966,0.8353071459829007,0.021825990303603614,0.8017210236655424,0.04083474932873142,0.9319130024045659,0.020041260572293124,0.7733322707597327,0.06416359150680961,0.6619273803472673,0.07386663651900317,0.7087460705288136,0.03950286126014901,82.7,36.4052804472709,137.2,29.757538727373124,0.0,,
confirm_clean_trust_v2,clean,trust_v2,10,0.9337622549019606,0.007822739082532771,0.8199656817345465,0.031061128678773413,0.838313855864507,0.02086067142186286,0.8057280360982464,0.04081671831145372,0.9328753414145528,0.019853000373405438,0.7730663733732992,0.04949566599490306,0.6684493254194549,0.06637841470116818,0.7141054508946658,0.03789620644460578,81.5,24.985551380303335,134.7,27.552172731423966,0.0,0.0,
confirm_largest_flip_uniform,largest_flip,uniform,10,0.9244791666666666,0.0072461407870535515,0.7701984693583703,0.021866768554954712,0.8038886334793102,0.014156120611952745,0.7242856222544096,0.040078159378339376,0.8937228065940607,0.019442880086039546,0.7766869989780116,0.07173604598836991,0.5647982170070156,0.05092070986599559,0.6501347450739325,0.025541071114512547,69.7,30.393895585937795,176.8,21.575706503174146,0.2,,
confirm_largest_flip_trust_v1,largest_flip,trust_v1,10,0.9252144607843137,0.006477362665892147,0.7650466741022652,0.019859973423292376,0.8026258786146897,0.011298265293923984,0.7217408471257805,0.04277008137434975,0.8924019498820769,0.02214526973386247,0.7948106930444426,0.08132660241721516,0.5519134662257911,0.04798505798885217,0.6471102288547609,0.02093459540843659,62.3,30.221589045654838,181.8,18.17690842800282,0.013140131259850158,,
confirm_largest_flip_trust_v2,largest_flip,trust_v2,10,0.9233762254901962,0.006606495410106916,0.7742353171813893,0.0295533542602987,0.8035982675342208,0.014479700858651079,0.7320466115257104,0.04074674843963423,0.896387663221619,0.02042324483573613,0.7648355581304613,0.08569074205367407,0.5756668042181528,0.07021826668572786,0.6502670144642713,0.027487670224233603,77.7,37.73312720791757,172.4,29.258237206715727,0.0,0.0,0.0
confirm_attack_rich_flip_uniform,attack_rich_flip,uniform,10,0.9242953431372548,0.009844739460394016,0.7740305088780811,0.02270055088895861,0.805550637031429,0.019593067300032845,0.7293489511772784,0.044010973074611395,0.8945168798257914,0.020484341120559493,0.7688978256166823,0.0791377770878267,0.5739251359732143,0.04934151581822843,0.6536222583337026,0.03431672139086593,73.9,33.28479799815191,173.2,21.7500957852297,0.2,,
confirm_attack_rich_flip_trust_v1,attack_rich_flip,trust_v1,10,0.9261335784313726,0.010458084789109975,0.7711108833033651,0.022484251406030727,0.8071684498421174,0.020402953126267942,0.7346108361651739,0.047938200433481126,0.8978339628022836,0.0224578567828178,0.7936223474240848,0.08896707737038097,0.5647002666387151,0.04916929723623047,0.6557380663836174,0.03566397172880367,64.2,35.17195852759221,176.9,21.38769116415639,0.0030719089683745654,,
confirm_attack_rich_flip_trust_v2,attack_rich_flip,trust_v2,10,0.9220894607843138,0.013423834426850188,0.7785910915279203,0.024609267479896394,0.8046538925690413,0.022645530629709056,0.7365965718071094,0.04382594393445834,0.8984490121201997,0.021447915930164412,0.7531607879065714,0.10898617870494043,0.5875382815715895,0.05799319999895437,0.6532527887278008,0.03874524540291759,86.7,51.56452268759985,167.6,24.577315647654533,0.0,0.0,0.0
